#filename,file_size,file_attributes,region_count,region_id,region_shape_attributes,region_attributes
P2590673.jpg,373740,"{}",4,0,"{""name"":""rect"",""x"":626,""y"":570,""width"":98,""height"":85}","{}"
P2590673.jpg,373740,"{}",4,1,"{""name"":""rect"",""x"":469,""y"":565,""width"":85,""height"":78}","{}"
P2590673.jpg,373740,"{}",4,2,"{""name"":""rect"",""x"":328,""y"":548,""width"":45,""height"":42}","{}"
P2590673.jpg,373740,"{}",4,3,"{""name"":""rect"",""x"":851,""y"":493,""width"":80,""height"":74}","{}"
P2590672.jpg,469086,"{}",2,0,"{""name"":""rect"",""x"":889,""y"":604,""width"":128,""height"":108}","{}"
P2590672.jpg,469086,"{}",2,1,"{""name"":""rect"",""x"":1279,""y"":589,""width"":128,""height"":110}","{}"
P2590671.jpg,458917,"{}",5,0,"{""name"":""rect"",""x"":768,""y"":553,""width"":128,""height"":123}","{}"
P2590671.jpg,458917,"{}",5,1,"{""name"":""rect"",""x"":1340,""y"":591,""width"":121,""height"":108}","{}"
P2590671.jpg,458917,"{}",5,2,"{""name"":""rect"",""x"":564,""y"":545,""width"":72,""height"":47}","{}"
P2590671.jpg,458917,"{}",5,3,"{""name"":""rect"",""x"":445,""y"":538,""width"":66,""height"":62}","{}"
P2590671.jpg,458917,"{}",5,4,"{""name"":""rect"",""x"":198,""y"":564,""width"":64,""height"":55}","{}"
P2590670.jpg,390095,"{}",4,0,"{""name"":""rect"",""x"":394,""y"":544,""width"":44,""height"":36}","{}"
P2590670.jpg,390095,"{}",4,1,"{""name"":""rect"",""x"":1165,""y"":570,""width"":139,""height"":126}","{}"
P2590670.jpg,390095,"{}",4,2,"{""name"":""rect"",""x"":794,""y"":659,""width"":92,""height"":90}","{}"
P2590670.jpg,390095,"{}",4,3,"{""name"":""rect"",""x"":589,""y"":567,""width"":66,""height"":62}","{}"
P2590669.jpg,1202294,"{}",2,0,"{""name"":""rect"",""x"":1193,""y"":543,""width"":105,""height"":98}","{}"
P2590669.jpg,1202294,"{}",2,1,"{""name"":""rect"",""x"":465,""y"":558,""width"":63,""height"":54}","{}"
P2590668.jpg,1113997,"{}",4,0,"{""name"":""rect"",""x"":1161,""y"":602,""width"":130,""height"":122}","{}"
P2590668.jpg,1113997,"{}",4,1,"{""name"":""rect"",""x"":626,""y"":518,""width"":81,""height"":74}","{}"
P2590668.jpg,1113997,"{}",4,2,"{""name"":""rect"",""x"":465,""y"":454,""width"":63,""height"":61}","{}"
P2590668.jpg,1113997,"{}",4,3,"{""name"":""rect"",""x"":254,""y"":476,""width"":44,""height"":37}","{}"
P2590667.jpg,459810,"{}",6,0,"{""name"":""rect"",""x"":273,""y"":576,""width"":53,""height"":50}","{}"
P2590667.jpg,459810,"{}",6,1,"{""name"":""rect"",""x"":436,""y"":602,""width"":68,""height"":68}","{}"
P2590667.jpg,459810,"{}",6,2,"{""name"":""rect"",""x"":587,""y"":627,""width"":75,""height"":70}","{}"
P2590667.jpg,459810,"{}",6,3,"{""name"":""rect"",""x"":735,""y"":610,""width"":87,""height"":86}","{}"
P2590667.jpg,459810,"{}",6,4,"{""name"":""rect"",""x"":991,""y"":617,""width"":103,""height"":105}","{}"
P2590667.jpg,459810,"{}",6,5,"{""name"":""rect"",""x"":1675,""y"":782,""width"":108,""height"":112}","{}"
P2590666.jpg,358225,"{}",1,0,"{""name"":""rect"",""x"":987,""y"":521,""width"":161,""height"":153}","{}"
P2590665.jpg,418351,"{}",6,0,"{""name"":""rect"",""x"":1455,""y"":604,""width"":132,""height"":110}","{}"
P2590665.jpg,418351,"{}",6,1,"{""name"":""rect"",""x"":909,""y"":531,""width"":82,""height"":80}","{}"
P2590665.jpg,418351,"{}",6,2,"{""name"":""rect"",""x"":433,""y"":498,""width"":45,""height"":38}","{}"
P2590665.jpg,418351,"{}",6,3,"{""name"":""rect"",""x"":371,""y"":520,""width"":41,""height"":35}","{}"
P2590665.jpg,418351,"{}",6,4,"{""name"":""rect"",""x"":297,""y"":502,""width"":33,""height"":31}","{}"
P2590665.jpg,418351,"{}",6,5,"{""name"":""rect"",""x"":516,""y"":539,""width"":45,""height"":34}","{""difficult"":""y""}"
P2590664.jpg,405653,"{}",4,0,"{""name"":""rect"",""x"":1133,""y"":526,""width"":148,""height"":131}","{}"
P2590664.jpg,405653,"{}",4,1,"{""name"":""rect"",""x"":523,""y"":438,""width"":42,""height"":40}","{}"
P2590664.jpg,405653,"{}",4,2,"{""name"":""rect"",""x"":613,""y"":430,""width"":55,""height"":50}","{}"
P2590664.jpg,405653,"{}",4,3,"{""name"":""rect"",""x"":459,""y"":419,""width"":30,""height"":26}","{""difficult"":""y""}"
P2590663.jpg,401621,"{}",4,0,"{""name"":""rect"",""x"":857,""y"":588,""width"":120,""height"":104}","{}"
P2590663.jpg,401621,"{}",4,1,"{""name"":""rect"",""x"":1264,""y"":495,""width"":118,""height"":106}","{}"
P2590663.jpg,401621,"{}",4,2,"{""name"":""rect"",""x"":1120,""y"":504,""width"":96,""height"":94}","{}"
P2590663.jpg,401621,"{}",4,3,"{""name"":""rect"",""x"":648,""y"":450,""width"":52,""height"":54}","{}"
P2590662.jpg,395757,"{}",3,0,"{""name"":""rect"",""x"":557,""y"":494,""width"":59,""height"":53}","{}"
P2590662.jpg,395757,"{}",3,1,"{""name"":""rect"",""x"":689,""y"":477,""width"":58,""height"":53}","{}"
P2590662.jpg,395757,"{}",3,2,"{""name"":""rect"",""x"":888,""y"":587,""width"":93,""height"":97}","{}"
P2590661.jpg,420386,"{}",1,0,"{""name"":""rect"",""x"":1370,""y"":545,""width"":115,""height"":127}","{}"
P2590660.jpg,1097150,"{}",2,0,"{""name"":""rect"",""x"":1049,""y"":512,""width"":103,""height"":98}","{}"
P2590660.jpg,1097150,"{}",2,1,"{""name"":""rect"",""x"":440,""y"":512,""width"":48,""height"":44}","{}"
P2590659.jpg,462797,"{}",3,0,"{""name"":""rect"",""x"":1053,""y"":809,""width"":146,""height"":150}","{}"
P2590659.jpg,462797,"{}",3,1,"{""name"":""rect"",""x"":774,""y"":504,""width"":98,""height"":113}","{""difficult"":""y""}"
P2590659.jpg,462797,"{}",3,2,"{""name"":""rect"",""x"":1647,""y"":785,""width"":124,""height"":113}","{""difficult"":""y""}"
P2590658.jpg,445946,"{}",3,0,"{""name"":""rect"",""x"":1303,""y"":601,""width"":134,""height"":132}","{}"
P2590658.jpg,445946,"{}",3,1,"{""name"":""rect"",""x"":838,""y"":467,""width"":89,""height"":96}","{}"
P2590658.jpg,445946,"{}",3,2,"{""name"":""rect"",""x"":526,""y"":551,""width"":83,""height"":81}","{}"
P2590657.jpg,405213,"{}",7,0,"{""name"":""rect"",""x"":652,""y"":509,""width"":53,""height"":50}","{}"
P2590657.jpg,405213,"{}",7,1,"{""name"":""rect"",""x"":735,""y"":416,""width"":47,""height"":43}","{}"
P2590657.jpg,405213,"{}",7,2,"{""name"":""rect"",""x"":817,""y"":431,""width"":57,""height"":52}","{}"
P2590657.jpg,405213,"{}",7,3,"{""name"":""rect"",""x"":890,""y"":460,""width"":69,""height"":67}","{""difficult"":""y""}"
P2590657.jpg,405213,"{}",7,4,"{""name"":""rect"",""x"":1032,""y"":476,""width"":102,""height"":96}","{}"
P2590657.jpg,405213,"{}",7,5,"{""name"":""rect"",""x"":1147,""y"":514,""width"":85,""height"":84}","{""difficult"":""y""}"
P2590657.jpg,405213,"{}",7,6,"{""name"":""rect"",""x"":1343,""y"":473,""width"":98,""height"":96}","{}"
P2590656.jpg,1248949,"{}",4,0,"{""name"":""rect"",""x"":535,""y"":591,""width"":40,""height"":38}","{}"
P2590656.jpg,1248949,"{}",4,1,"{""name"":""rect"",""x"":450,""y"":590,""width"":35,""height"":42}","{}"
P2590656.jpg,1248949,"{}",4,2,"{""name"":""rect"",""x"":375,""y"":577,""width"":46,""height"":39}","{}"
P2590656.jpg,1248949,"{}",4,3,"{""name"":""rect"",""x"":1323,""y"":600,""width"":90,""height"":73}","{}"
P2590655.jpg,973916,"{}",2,0,"{""name"":""rect"",""x"":1150,""y"":486,""width"":102,""height"":97}","{}"
P2590655.jpg,973916,"{}",2,1,"{""name"":""rect"",""x"":543,""y"":371,""width"":71,""height"":62}","{}"
P2590654.jpg,748126,"{}",2,0,"{""name"":""rect"",""x"":856,""y"":436,""width"":88,""height"":77}","{}"
P2590654.jpg,748126,"{}",2,1,"{""name"":""rect"",""x"":379,""y"":392,""width"":35,""height"":34}","{}"
P2590653.jpg,767971,"{}",2,0,"{""name"":""rect"",""x"":809,""y"":341,""width"":89,""height"":80}","{}"
P2590653.jpg,767971,"{}",2,1,"{""name"":""rect"",""x"":553,""y"":328,""width"":37,""height"":32}","{}"
P2590652.jpg,786340,"{}",1,0,"{""name"":""rect"",""x"":834,""y"":356,""width"":91,""height"":81}","{}"
P2590651.jpg,702825,"{}",2,0,"{""name"":""rect"",""x"":953,""y"":368,""width"":63,""height"":56}","{}"
P2590651.jpg,702825,"{}",2,1,"{""name"":""rect"",""x"":336,""y"":392,""width"":49,""height"":44}","{}"
P2590650.jpg,409578,"{}",3,0,"{""name"":""rect"",""x"":1336,""y"":579,""width"":157,""height"":135}","{}"
P2590650.jpg,409578,"{}",3,1,"{""name"":""rect"",""x"":544,""y"":507,""width"":105,""height"":108}","{}"
P2590650.jpg,409578,"{}",3,2,"{""name"":""rect"",""x"":796,""y"":437,""width"":84,""height"":84}","{}"
P2590649.jpg,1080292,"{}",1,0,"{""name"":""rect"",""x"":1305,""y"":483,""width"":93,""height"":123}","{}"
P2590648.jpg,974071,"{}",4,0,"{""name"":""rect"",""x"":650,""y"":458,""width"":59,""height"":56}","{}"
P2590648.jpg,974071,"{}",4,1,"{""name"":""rect"",""x"":1120,""y"":480,""width"":97,""height"":105}","{""difficult"":""y""}"
P2590648.jpg,974071,"{}",4,2,"{""name"":""rect"",""x"":310,""y"":422,""width"":28,""height"":25}","{}"
P2590648.jpg,974071,"{}",4,3,"{""name"":""rect"",""x"":235,""y"":411,""width"":25,""height"":24}","{}"
P2590647.jpg,833095,"{}",1,0,"{""name"":""rect"",""x"":1034,""y"":429,""width"":96,""height"":92}","{}"
P2590646.jpg,299388,"{}",0,0,"{}","{}"
P2590645.jpg,744168,"{}",1,0,"{""name"":""rect"",""x"":992,""y"":413,""width"":46,""height"":43}","{}"
P2590644.jpg,415587,"{}",2,0,"{""name"":""rect"",""x"":709,""y"":558,""width"":164,""height"":150}","{}"
P2590644.jpg,415587,"{}",2,1,"{""name"":""rect"",""x"":4,""y"":598,""width"":116,""height"":113}","{}"
P2590643.jpg,422735,"{}",3,0,"{""name"":""rect"",""x"":662,""y"":565,""width"":113,""height"":101}","{}"
P2590643.jpg,422735,"{}",3,1,"{""name"":""rect"",""x"":869,""y"":522,""width"":80,""height"":71}","{}"
P2590643.jpg,422735,"{}",3,2,"{""name"":""rect"",""x"":1079,""y"":536,""width"":109,""height"":97}","{}"
P2590642.jpg,1135323,"{}",1,0,"{""name"":""rect"",""x"":712,""y"":467,""width"":154,""height"":144}","{}"
P2590641.jpg,380578,"{}",2,0,"{""name"":""rect"",""x"":787,""y"":555,""width"":112,""height"":100}","{}"
P2590641.jpg,380578,"{}",2,1,"{""name"":""rect"",""x"":1049,""y"":423,""width"":42,""height"":42}","{}"
P2590640.jpg,235324,"{}",0,0,"{}","{}"
P2590639.jpg,377308,"{}",0,0,"{}","{}"
P2590638.jpg,338386,"{}",0,0,"{}","{}"
P2590637.jpg,1329300,"{}",1,0,"{""name"":""rect"",""x"":1276,""y"":563,""width"":109,""height"":139}","{}"
P2590636.jpg,726068,"{}",1,0,"{""name"":""rect"",""x"":867,""y"":356,""width"":64,""height"":65}","{}"
P2590635.jpg,409924,"{}",0,0,"{}","{}"
P2590634.jpg,379040,"{}",0,0,"{}","{}"
P2590633.jpg,374014,"{}",0,0,"{}","{}"
P2590632.jpg,600132,"{}",0,0,"{}","{}"
P2590631.jpg,813533,"{}",2,0,"{""name"":""rect"",""x"":806,""y"":610,""width"":73,""height"":74}","{}"
P2590631.jpg,813533,"{}",2,1,"{""name"":""rect"",""x"":1083,""y"":591,""width"":59,""height"":64}","{}"
P2590630.jpg,747428,"{}",2,0,"{""name"":""rect"",""x"":687,""y"":385,""width"":96,""height"":86}","{}"
P2590630.jpg,747428,"{}",2,1,"{""name"":""rect"",""x"":924,""y"":458,""width"":93,""height"":90}","{}"
P2590628.jpg,1117597,"{}",1,0,"{""name"":""rect"",""x"":859,""y"":668,""width"":146,""height"":144}","{}"
P2590627.jpg,591325,"{}",0,0,"{}","{}"
P2590626.jpg,688609,"{}",0,0,"{}","{}"
P2590625.jpg,368531,"{}",0,0,"{}","{}"
P2590624.jpg,821417,"{}",0,0,"{}","{}"
P2590622.jpg,396320,"{}",6,0,"{""name"":""rect"",""x"":302,""y"":528,""width"":94,""height"":83}","{}"
P2590622.jpg,396320,"{}",6,1,"{""name"":""rect"",""x"":397,""y"":505,""width"":62,""height"":53}","{""difficult"":""y""}"
P2590622.jpg,396320,"{}",6,2,"{""name"":""rect"",""x"":650,""y"":483,""width"":75,""height"":71}","{}"
P2590622.jpg,396320,"{}",6,3,"{""name"":""rect"",""x"":1020,""y"":571,""width"":58,""height"":31}","{""difficult"":""y""}"
P2590622.jpg,396320,"{}",6,4,"{""name"":""rect"",""x"":1280,""y"":479,""width"":48,""height"":44}","{}"
P2590622.jpg,396320,"{}",6,5,"{""name"":""rect"",""x"":1414,""y"":498,""width"":60,""height"":60}","{}"
P2590621.jpg,847474,"{}",6,0,"{""name"":""rect"",""x"":432,""y"":502,""width"":40,""height"":43}","{""difficult"":""y""}"
P2590621.jpg,847474,"{}",6,1,"{""name"":""rect"",""x"":481,""y"":504,""width"":56,""height"":45}","{}"
P2590621.jpg,847474,"{}",6,2,"{""name"":""rect"",""x"":554,""y"":466,""width"":42,""height"":39}","{}"
P2590621.jpg,847474,"{}",6,3,"{""name"":""rect"",""x"":696,""y"":477,""width"":50,""height"":46}","{}"
P2590621.jpg,847474,"{}",6,4,"{""name"":""rect"",""x"":810,""y"":484,""width"":41,""height"":38}","{}"
P2590621.jpg,847474,"{}",6,5,"{""name"":""rect"",""x"":992,""y"":534,""width"":44,""height"":30}","{}"
P2590620.jpg,282236,"{}",1,0,"{""name"":""rect"",""x"":870,""y"":680,""width"":146,""height"":115}","{}"
P2590619.jpg,686087,"{}",0,0,"{}","{}"
P2590615.jpg,319346,"{}",2,0,"{""name"":""rect"",""x"":1285,""y"":836,""width"":151,""height"":134}","{""difficult"":""y""}"
P2590615.jpg,319346,"{}",2,1,"{""name"":""rect"",""x"":124,""y"":868,""width"":183,""height"":149}","{""difficult"":""y""}"
P2590616.jpg,948794,"{}",2,0,"{""name"":""rect"",""x"":390,""y"":836,""width"":275,""height"":238}","{""difficult"":""y""}"
P2590616.jpg,948794,"{}",2,1,"{""name"":""rect"",""x"":1302,""y"":695,""width"":142,""height"":208}","{""difficult"":""y""}"
P2590614.jpg,381796,"{}",4,0,"{""name"":""rect"",""x"":978,""y"":589,""width"":145,""height"":137}","{}"
P2590614.jpg,381796,"{}",4,1,"{""name"":""rect"",""x"":412,""y"":549,""width"":77,""height"":71}","{}"
P2590614.jpg,381796,"{}",4,2,"{""name"":""rect"",""x"":676,""y"":553,""width"":60,""height"":56}","{}"
P2590614.jpg,381796,"{}",4,3,"{""name"":""rect"",""x"":541,""y"":502,""width"":44,""height"":48}","{}"
P2590613.jpg,422454,"{}",2,0,"{""name"":""rect"",""x"":1621,""y"":841,""width"":218,""height"":161}","{""difficult"":""y""}"
P2590613.jpg,422454,"{}",2,1,"{""name"":""rect"",""x"":651,""y"":546,""width"":82,""height"":71}","{""difficult"":""y""}"
P2590612.jpg,988426,"{}",8,0,"{""name"":""rect"",""x"":390,""y"":588,""width"":67,""height"":57}","{""difficult"":""y""}"
P2590612.jpg,988426,"{}",8,1,"{""name"":""rect"",""x"":456,""y"":496,""width"":45,""height"":46}","{""difficult"":""y""}"
P2590612.jpg,988426,"{}",8,2,"{""name"":""rect"",""x"":903,""y"":491,""width"":60,""height"":62}","{""difficult"":""y""}"
P2590612.jpg,988426,"{}",8,3,"{""name"":""rect"",""x"":1074,""y"":516,""width"":68,""height"":63}","{}"
P2590612.jpg,988426,"{}",8,4,"{""name"":""rect"",""x"":1284,""y"":487,""width"":55,""height"":59}","{}"
P2590612.jpg,988426,"{}",8,5,"{""name"":""rect"",""x"":1515,""y"":496,""width"":56,""height"":58}","{}"
P2590612.jpg,988426,"{}",8,6,"{""name"":""rect"",""x"":1741,""y"":539,""width"":88,""height"":85}","{}"
P2590612.jpg,988426,"{}",8,7,"{""name"":""rect"",""x"":1879,""y"":437,""width"":87,""height"":80}","{}"
P2590611.jpg,623583,"{}",10,0,"{""name"":""rect"",""x"":365,""y"":488,""width"":41,""height"":31}","{""difficult"":""y""}"
P2590611.jpg,623583,"{}",10,1,"{""name"":""rect"",""x"":479,""y"":448,""width"":26,""height"":21}","{}"
P2590611.jpg,623583,"{}",10,2,"{""name"":""rect"",""x"":690,""y"":434,""width"":39,""height"":36}","{}"
P2590611.jpg,623583,"{}",10,3,"{""name"":""rect"",""x"":789,""y"":447,""width"":38,""height"":35}","{}"
P2590611.jpg,623583,"{}",10,4,"{""name"":""rect"",""x"":946,""y"":428,""width"":37,""height"":39}","{}"
P2590611.jpg,623583,"{}",10,5,"{""name"":""rect"",""x"":1022,""y"":439,""width"":40,""height"":42}","{}"
P2590611.jpg,623583,"{}",10,6,"{""name"":""rect"",""x"":1120,""y"":411,""width"":47,""height"":45}","{}"
P2590611.jpg,623583,"{}",10,7,"{""name"":""rect"",""x"":1229,""y"":419,""width"":43,""height"":41}","{}"
P2590611.jpg,623583,"{}",10,8,"{""name"":""rect"",""x"":1063,""y"":431,""width"":34,""height"":33}","{}"
P2590611.jpg,623583,"{}",10,9,"{""name"":""rect"",""x"":434,""y"":434,""width"":21,""height"":24}","{""difficult"":""y""}"
P2590609.jpg,349441,"{}",9,0,"{""name"":""rect"",""x"":534,""y"":505,""width"":89,""height"":79}","{}"
P2590609.jpg,349441,"{}",9,1,"{""name"":""rect"",""x"":831,""y"":471,""width"":60,""height"":77}","{}"
P2590609.jpg,349441,"{}",9,2,"{""name"":""rect"",""x"":908,""y"":529,""width"":49,""height"":56}","{}"
P2590609.jpg,349441,"{}",9,3,"{""name"":""rect"",""x"":1138,""y"":417,""width"":52,""height"":65}","{""difficult"":""y""}"
P2590609.jpg,349441,"{}",9,4,"{""name"":""rect"",""x"":416,""y"":456,""width"":37,""height"":31}","{""difficult"":""y""}"
P2590609.jpg,349441,"{}",9,5,"{""name"":""rect"",""x"":1335,""y"":459,""width"":51,""height"":67}","{}"
P2590609.jpg,349441,"{}",9,6,"{""name"":""rect"",""x"":1604,""y"":418,""width"":56,""height"":61}","{}"
P2590609.jpg,349441,"{}",9,7,"{""name"":""rect"",""x"":1799,""y"":506,""width"":72,""height"":85}","{""difficult"":""y""}"
P2590609.jpg,349441,"{}",9,8,"{""name"":""rect"",""x"":1858,""y"":420,""width"":60,""height"":71}","{}"
P2590608.jpg,282187,"{}",3,0,"{""name"":""rect"",""x"":465,""y"":511,""width"":103,""height"":96}","{}"
P2590608.jpg,282187,"{}",3,1,"{""name"":""rect"",""x"":1021,""y"":494,""width"":103,""height"":107}","{}"
P2590608.jpg,282187,"{}",3,2,"{""name"":""rect"",""x"":1442,""y"":410,""width"":96,""height"":105}","{}"
P2590606.jpg,399592,"{}",9,0,"{""name"":""rect"",""x"":426,""y"":497,""width"":112,""height"":110}","{}"
P2590606.jpg,399592,"{}",9,1,"{""name"":""rect"",""x"":255,""y"":452,""width"":63,""height"":56}","{}"
P2590606.jpg,399592,"{}",9,2,"{""name"":""rect"",""x"":778,""y"":395,""width"":106,""height"":106}","{}"
P2590606.jpg,399592,"{}",9,3,"{""name"":""rect"",""x"":959,""y"":501,""width"":91,""height"":110}","{}"
P2590606.jpg,399592,"{}",9,4,"{""name"":""rect"",""x"":1542,""y"":439,""width"":95,""height"":95}","{}"
P2590606.jpg,399592,"{}",9,5,"{""name"":""rect"",""x"":1812,""y"":549,""width"":140,""height"":155}","{""difficult"":""y""}"
P2590606.jpg,399592,"{}",9,6,"{""name"":""rect"",""x"":1251,""y"":573,""width"":160,""height"":158}","{""difficult"":""y""}"
P2590606.jpg,399592,"{}",9,7,"{""name"":""rect"",""x"":136,""y"":388,""width"":36,""height"":33}","{""difficult"":""y""}"
P2590606.jpg,399592,"{}",9,8,"{""name"":""rect"",""x"":551,""y"":404,""width"":51,""height"":47}","{}"
P2590607.jpg,388498,"{}",8,0,"{""name"":""rect"",""x"":549,""y"":642,""width"":119,""height"":111}","{}"
P2590607.jpg,388498,"{}",8,1,"{""name"":""rect"",""x"":260,""y"":452,""width"":53,""height"":44}","{}"
P2590607.jpg,388498,"{}",8,2,"{""name"":""rect"",""x"":936,""y"":605,""width"":100,""height"":107}","{}"
P2590607.jpg,388498,"{}",8,3,"{""name"":""rect"",""x"":1089,""y"":509,""width"":75,""height"":78}","{}"
P2590607.jpg,388498,"{}",8,4,"{""name"":""rect"",""x"":1327,""y"":418,""width"":48,""height"":42}","{}"
P2590607.jpg,388498,"{}",8,5,"{""name"":""rect"",""x"":1559,""y"":490,""width"":118,""height"":107}","{}"
P2590607.jpg,388498,"{}",8,6,"{""name"":""rect"",""x"":1278,""y"":382,""width"":29,""height"":33}","{}"
P2590607.jpg,388498,"{}",8,7,"{""name"":""rect"",""x"":1170,""y"":399,""width"":28,""height"":31}","{""difficult"":""y""}"
P2590605.jpg,507594,"{}",11,0,"{""name"":""rect"",""x"":906,""y"":604,""width"":170,""height"":166}","{}"
P2590605.jpg,507594,"{}",11,1,"{""name"":""rect"",""x"":1856,""y"":508,""width"":96,""height"":111}","{}"
P2590605.jpg,507594,"{}",11,2,"{""name"":""rect"",""x"":1112,""y"":362,""width"":55,""height"":61}","{}"
P2590605.jpg,507594,"{}",11,3,"{""name"":""rect"",""x"":696,""y"":372,""width"":53,""height"":52}","{}"
P2590605.jpg,507594,"{}",11,4,"{""name"":""rect"",""x"":375,""y"":390,""width"":55,""height"":52}","{}"
P2590605.jpg,507594,"{}",11,5,"{""name"":""rect"",""x"":1509,""y"":351,""width"":50,""height"":57}","{}"
P2590605.jpg,507594,"{}",11,6,"{""name"":""rect"",""x"":269,""y"":365,""width"":27,""height"":24}","{}"
P2590605.jpg,507594,"{}",11,7,"{""name"":""rect"",""x"":571,""y"":514,""width"":74,""height"":46}","{""difficult"":""y""}"
P2590605.jpg,507594,"{}",11,8,"{""name"":""rect"",""x"":749,""y"":369,""width"":31,""height"":41}","{""difficult"":""y""}"
P2590605.jpg,507594,"{}",11,9,"{""name"":""rect"",""x"":1307,""y"":369,""width"":29,""height"":35}","{""difficult"":""y""}"
P2590605.jpg,507594,"{}",11,10,"{""name"":""rect"",""x"":1394,""y"":381,""width"":34,""height"":42}","{""difficult"":""y""}"
P2590604.jpg,421714,"{}",6,0,"{""name"":""rect"",""x"":1607,""y"":615,""width"":164,""height"":153}","{}"
P2590604.jpg,421714,"{}",6,1,"{""name"":""rect"",""x"":1167,""y"":709,""width"":109,""height"":87}","{}"
P2590604.jpg,421714,"{}",6,2,"{""name"":""rect"",""x"":1038,""y"":781,""width"":124,""height"":89}","{}"
P2590604.jpg,421714,"{}",6,3,"{""name"":""rect"",""x"":491,""y"":661,""width"":92,""height"":83}","{}"
P2590604.jpg,421714,"{}",6,4,"{""name"":""rect"",""x"":316,""y"":635,""width"":72,""height"":68}","{}"
P2590604.jpg,421714,"{}",6,5,"{""name"":""rect"",""x"":1248,""y"":648,""width"":55,""height"":59}","{}"
P2590603.jpg,290236,"{}",3,0,"{""name"":""rect"",""x"":496,""y"":666,""width"":152,""height"":163}","{}"
P2590603.jpg,290236,"{}",3,1,"{""name"":""rect"",""x"":827,""y"":715,""width"":159,""height"":203}","{}"
P2590603.jpg,290236,"{}",3,2,"{""name"":""rect"",""x"":1498,""y"":689,""width"":235,""height"":288}","{""difficult"":""y""}"
P2590601.jpg,439753,"{}",3,0,"{""name"":""rect"",""x"":918,""y"":553,""width"":159,""height"":155}","{}"
P2590601.jpg,439753,"{}",3,1,"{""name"":""rect"",""x"":1391,""y"":566,""width"":155,""height"":141}","{}"
P2590601.jpg,439753,"{}",3,2,"{""name"":""rect"",""x"":611,""y"":398,""width"":93,""height"":81}","{}"
P2590602.jpg,399392,"{}",9,0,"{""name"":""rect"",""x"":417,""y"":608,""width"":83,""height"":57}","{""difficult"":""y""}"
P2590602.jpg,399392,"{}",9,1,"{""name"":""rect"",""x"":923,""y"":534,""width"":83,""height"":79}","{}"
P2590602.jpg,399392,"{}",9,2,"{""name"":""rect"",""x"":1097,""y"":515,""width"":60,""height"":78}","{}"
P2590602.jpg,399392,"{}",9,3,"{""name"":""rect"",""x"":1285,""y"":517,""width"":72,""height"":72}","{}"
P2590602.jpg,399392,"{}",9,4,"{""name"":""rect"",""x"":1550,""y"":630,""width"":98,""height"":107}","{}"
P2590602.jpg,399392,"{}",9,5,"{""name"":""rect"",""x"":1814,""y"":627,""width"":146,""height"":98}","{}"
P2590602.jpg,399392,"{}",9,6,"{""name"":""rect"",""x"":1433,""y"":558,""width"":83,""height"":83}","{}"
P2590602.jpg,399392,"{}",9,7,"{""name"":""rect"",""x"":1358,""y"":520,""width"":36,""height"":50}","{""difficult"":""y""}"
P2590602.jpg,399392,"{}",9,8,"{""name"":""rect"",""x"":994,""y"":465,""width"":43,""height"":56}","{""difficult"":""y""}"
P2590600.jpg,412707,"{}",11,0,"{""name"":""rect"",""x"":538,""y"":440,""width"":86,""height"":84}","{}"
P2590600.jpg,412707,"{}",11,1,"{""name"":""rect"",""x"":299,""y"":389,""width"":60,""height"":65}","{}"
P2590600.jpg,412707,"{}",11,2,"{""name"":""rect"",""x"":387,""y"":389,""width"":46,""height"":44}","{}"
P2590600.jpg,412707,"{}",11,3,"{""name"":""rect"",""x"":679,""y"":637,""width"":97,""height"":127}","{""difficult"":""y""}"
P2590600.jpg,412707,"{}",11,4,"{""name"":""rect"",""x"":917,""y"":479,""width"":95,""height"":111}","{}"
P2590600.jpg,412707,"{}",11,5,"{""name"":""rect"",""x"":1165,""y"":382,""width"":67,""height"":100}","{""difficult"":""y""}"
P2590600.jpg,412707,"{}",11,6,"{""name"":""rect"",""x"":1033,""y"":282,""width"":81,""height"":70}","{}"
P2590600.jpg,412707,"{}",11,7,"{""name"":""rect"",""x"":1342,""y"":348,""width"":88,""height"":93}","{}"
P2590600.jpg,412707,"{}",11,8,"{""name"":""rect"",""x"":1466,""y"":359,""width"":60,""height"":76}","{}"
P2590600.jpg,412707,"{}",11,9,"{""name"":""rect"",""x"":1758,""y"":808,""width"":187,""height"":187}","{}"
P2590600.jpg,412707,"{}",11,10,"{""name"":""rect"",""x"":1624,""y"":449,""width"":58,""height"":86}","{""difficult"":""y""}"
P2590599.jpg,426377,"{}",8,0,"{""name"":""rect"",""x"":571,""y"":426,""width"":94,""height"":92}","{}"
P2590599.jpg,426377,"{}",8,1,"{""name"":""rect"",""x"":401,""y"":405,""width"":54,""height"":52}","{}"
P2590599.jpg,426377,"{}",8,2,"{""name"":""rect"",""x"":671,""y"":448,""width"":61,""height"":59}","{}"
P2590599.jpg,426377,"{}",8,3,"{""name"":""rect"",""x"":846,""y"":415,""width"":63,""height"":63}","{}"
P2590599.jpg,426377,"{}",8,4,"{""name"":""rect"",""x"":1080,""y"":577,""width"":168,""height"":201}","{}"
P2590599.jpg,426377,"{}",8,5,"{""name"":""rect"",""x"":1298,""y"":379,""width"":61,""height"":64}","{}"
P2590599.jpg,426377,"{}",8,6,"{""name"":""rect"",""x"":1749,""y"":360,""width"":76,""height"":92}","{""difficult"":""y""}"
P2590599.jpg,426377,"{}",8,7,"{""name"":""rect"",""x"":184,""y"":379,""width"":49,""height"":40}","{}"
P2590598.jpg,337492,"{}",4,0,"{""name"":""rect"",""x"":1086,""y"":678,""width"":231,""height"":305}","{}"
P2590598.jpg,337492,"{}",4,1,"{""name"":""rect"",""x"":1597,""y"":864,""width"":120,""height"":153}","{}"
P2590598.jpg,337492,"{}",4,2,"{""name"":""rect"",""x"":1405,""y"":628,""width"":85,""height"":94}","{""difficult"":""y""}"
P2590598.jpg,337492,"{}",4,3,"{""name"":""rect"",""x"":342,""y"":604,""width"":87,""height"":79}","{}"
P2590597.jpg,333104,"{}",6,0,"{""name"":""rect"",""x"":763,""y"":565,""width"":125,""height"":121}","{}"
P2590597.jpg,333104,"{}",6,1,"{""name"":""rect"",""x"":423,""y"":623,""width"":113,""height"":97}","{}"
P2590597.jpg,333104,"{}",6,2,"{""name"":""rect"",""x"":1888,""y"":727,""width"":142,""height"":140}","{}"
P2590597.jpg,333104,"{}",6,3,"{""name"":""rect"",""x"":1676,""y"":686,""width"":75,""height"":117}","{""difficult"":""y""}"
P2590597.jpg,333104,"{}",6,4,"{""name"":""rect"",""x"":1081,""y"":603,""width"":79,""height"":89}","{""difficult"":""y""}"
P2590597.jpg,333104,"{}",6,5,"{""name"":""rect"",""x"":99,""y"":559,""width"":57,""height"":53}","{""difficult"":""y""}"
P2590595.jpg,389604,"{}",7,0,"{""name"":""rect"",""x"":479,""y"":564,""width"":106,""height"":80}","{}"
P2590595.jpg,389604,"{}",7,1,"{""name"":""rect"",""x"":922,""y"":444,""width"":111,""height"":101}","{}"
P2590595.jpg,389604,"{}",7,2,"{""name"":""rect"",""x"":1362,""y"":587,""width"":140,""height"":131}","{}"
P2590595.jpg,389604,"{}",7,3,"{""name"":""rect"",""x"":1548,""y"":408,""width"":101,""height"":95}","{}"
P2590595.jpg,389604,"{}",7,4,"{""name"":""rect"",""x"":1048,""y"":426,""width"":64,""height"":74}","{}"
P2590595.jpg,389604,"{}",7,5,"{""name"":""rect"",""x"":818,""y"":399,""width"":90,""height"":83}","{""difficult"":""y""}"
P2590595.jpg,389604,"{}",7,6,"{""name"":""rect"",""x"":654,""y"":433,""width"":51,""height"":71}","{""difficult"":""y""}"
P2590596.jpg,335490,"{}",3,0,"{""name"":""rect"",""x"":277,""y"":746,""width"":212,""height"":198}","{}"
P2590596.jpg,335490,"{}",3,1,"{""name"":""rect"",""x"":792,""y"":1121,""width"":194,""height"":153}","{""difficult"":""y""}"
P2590596.jpg,335490,"{}",3,2,"{""name"":""rect"",""x"":1692,""y"":617,""width"":174,""height"":260}","{""difficult"":""y""}"
P2590594.jpg,425585,"{}",7,0,"{""name"":""rect"",""x"":908,""y"":544,""width"":171,""height"":198}","{}"
P2590594.jpg,425585,"{}",7,1,"{""name"":""rect"",""x"":1803,""y"":422,""width"":83,""height"":98}","{}"
P2590594.jpg,425585,"{}",7,2,"{""name"":""rect"",""x"":1914,""y"":371,""width"":72,""height"":73}","{}"
P2590594.jpg,425585,"{}",7,3,"{""name"":""rect"",""x"":1076,""y"":401,""width"":57,""height"":55}","{}"
P2590594.jpg,425585,"{}",7,4,"{""name"":""rect"",""x"":236,""y"":421,""width"":55,""height"":40}","{}"
P2590594.jpg,425585,"{}",7,5,"{""name"":""rect"",""x"":516,""y"":370,""width"":51,""height"":47}","{}"
P2590594.jpg,425585,"{}",7,6,"{""name"":""rect"",""x"":1489,""y"":621,""width"":153,""height"":152}","{""difficult"":""y""}"
P2590593.jpg,393953,"{}",8,0,"{""name"":""rect"",""x"":607,""y"":604,""width"":127,""height"":127}","{}"
P2590593.jpg,393953,"{}",8,1,"{""name"":""rect"",""x"":340,""y"":484,""width"":75,""height"":71}","{}"
P2590593.jpg,393953,"{}",8,2,"{""name"":""rect"",""x"":1000,""y"":514,""width"":95,""height"":87}","{}"
P2590593.jpg,393953,"{}",8,3,"{""name"":""rect"",""x"":1190,""y"":459,""width"":69,""height"":69}","{}"
P2590593.jpg,393953,"{}",8,4,"{""name"":""rect"",""x"":798,""y"":411,""width"":56,""height"":56}","{}"
P2590593.jpg,393953,"{}",8,5,"{""name"":""rect"",""x"":151,""y"":442,""width"":40,""height"":32}","{}"
P2590593.jpg,393953,"{}",8,6,"{""name"":""rect"",""x"":435,""y"":442,""width"":39,""height"":42}","{""difficult"":""y""}"
P2590593.jpg,393953,"{}",8,7,"{""name"":""rect"",""x"":1270,""y"":951,""width"":282,""height"":265}","{""difficult"":""y""}"
P2590592.jpg,489415,"{}",5,0,"{""name"":""rect"",""x"":951,""y"":925,""width"":153,""height"":140}","{}"
P2590592.jpg,489415,"{}",5,1,"{""name"":""rect"",""x"":1732,""y"":1093,""width"":310,""height"":377}","{}"
P2590592.jpg,489415,"{}",5,2,"{""name"":""rect"",""x"":699,""y"":723,""width"":107,""height"":99}","{}"
P2590592.jpg,489415,"{}",5,3,"{""name"":""rect"",""x"":535,""y"":606,""width"":52,""height"":52}","{}"
P2590592.jpg,489415,"{}",5,4,"{""name"":""rect"",""x"":453,""y"":573,""width"":44,""height"":38}","{}"
P2590591.jpg,356292,"{}",11,0,"{""name"":""rect"",""x"":430,""y"":416,""width"":76,""height"":67}","{}"
P2590591.jpg,356292,"{}",11,1,"{""name"":""rect"",""x"":690,""y"":488,""width"":119,""height"":111}","{}"
P2590591.jpg,356292,"{}",11,2,"{""name"":""rect"",""x"":867,""y"":493,""width"":72,""height"":54}","{}"
P2590591.jpg,356292,"{}",11,3,"{""name"":""rect"",""x"":974,""y"":422,""width"":70,""height"":63}","{}"
P2590591.jpg,356292,"{}",11,4,"{""name"":""rect"",""x"":1082,""y"":448,""width"":63,""height"":56}","{}"
P2590591.jpg,356292,"{}",11,5,"{""name"":""rect"",""x"":1224,""y"":420,""width"":49,""height"":58}","{}"
P2590591.jpg,356292,"{}",11,6,"{""name"":""rect"",""x"":1519,""y"":404,""width"":50,""height"":48}","{}"
P2590591.jpg,356292,"{}",11,7,"{""name"":""rect"",""x"":1452,""y"":434,""width"":45,""height"":49}","{}"
P2590591.jpg,356292,"{}",11,8,"{""name"":""rect"",""x"":1362,""y"":415,""width"":43,""height"":52}","{}"
P2590591.jpg,356292,"{}",11,9,"{""name"":""rect"",""x"":1391,""y"":445,""width"":37,""height"":45}","{}"
P2590591.jpg,356292,"{}",11,10,"{""name"":""rect"",""x"":1740,""y"":551,""width"":127,""height"":121}","{}"
P2590590.jpg,395626,"{}",6,0,"{""name"":""rect"",""x"":1166,""y"":567,""width"":158,""height"":201}","{}"
P2590590.jpg,395626,"{}",6,1,"{""name"":""rect"",""x"":567,""y"":551,""width"":103,""height"":96}","{}"
P2590590.jpg,395626,"{}",6,2,"{""name"":""rect"",""x"":850,""y"":490,""width"":107,""height"":98}","{""difficult"":""y""}"
P2590590.jpg,395626,"{}",6,3,"{""name"":""rect"",""x"":427,""y"":346,""width"":39,""height"":38}","{}"
P2590590.jpg,395626,"{}",6,4,"{""name"":""rect"",""x"":687,""y"":349,""width"":34,""height"":31}","{}"
P2590590.jpg,395626,"{}",6,5,"{""name"":""rect"",""x"":1753,""y"":357,""width"":44,""height"":41}","{}"
P2590588.jpg,426221,"{}",9,0,"{""name"":""rect"",""x"":434,""y"":369,""width"":71,""height"":62}","{}"
P2590588.jpg,426221,"{}",9,1,"{""name"":""rect"",""x"":329,""y"":388,""width"":43,""height"":38}","{}"
P2590588.jpg,426221,"{}",9,2,"{""name"":""rect"",""x"":564,""y"":432,""width"":62,""height"":51}","{}"
P2590588.jpg,426221,"{}",9,3,"{""name"":""rect"",""x"":744,""y"":461,""width"":120,""height"":102}","{}"
P2590588.jpg,426221,"{}",9,4,"{""name"":""rect"",""x"":948,""y"":382,""width"":79,""height"":79}","{}"
P2590588.jpg,426221,"{}",9,5,"{""name"":""rect"",""x"":1160,""y"":367,""width"":65,""height"":71}","{}"
P2590588.jpg,426221,"{}",9,6,"{""name"":""rect"",""x"":1058,""y"":356,""width"":32,""height"":35}","{}"
P2590588.jpg,426221,"{}",9,7,"{""name"":""rect"",""x"":1305,""y"":585,""width"":122,""height"":119}","{}"
P2590588.jpg,426221,"{}",9,8,"{""name"":""rect"",""x"":1717,""y"":540,""width"":99,""height"":77}","{""difficult"":""y""}"
P2590589.jpg,479067,"{}",13,0,"{""name"":""rect"",""x"":984,""y"":480,""width"":202,""height"":175}","{}"
P2590589.jpg,479067,"{}",13,1,"{""name"":""rect"",""x"":741,""y"":405,""width"":80,""height"":72}","{}"
P2590589.jpg,479067,"{}",13,2,"{""name"":""rect"",""x"":551,""y"":422,""width"":57,""height"":60}","{}"
P2590589.jpg,479067,"{}",13,3,"{""name"":""rect"",""x"":402,""y"":386,""width"":30,""height"":27}","{}"
P2590589.jpg,479067,"{}",13,4,"{""name"":""rect"",""x"":1334,""y"":428,""width"":47,""height"":46}","{}"
P2590589.jpg,479067,"{}",13,5,"{""name"":""rect"",""x"":1424,""y"":412,""width"":43,""height"":48}","{}"
P2590589.jpg,479067,"{}",13,6,"{""name"":""rect"",""x"":1528,""y"":370,""width"":48,""height"":42}","{}"
P2590589.jpg,479067,"{}",13,7,"{""name"":""rect"",""x"":1592,""y"":386,""width"":40,""height"":40}","{}"
P2590589.jpg,479067,"{}",13,8,"{""name"":""rect"",""x"":1723,""y"":355,""width"":54,""height"":43}","{}"
P2590589.jpg,479067,"{}",13,9,"{""name"":""rect"",""x"":1981,""y"":368,""width"":38,""height"":40}","{}"
P2590589.jpg,479067,"{}",13,10,"{""name"":""rect"",""x"":1833,""y"":408,""width"":30,""height"":27}","{""difficult"":""y""}"
P2590589.jpg,479067,"{}",13,11,"{""name"":""rect"",""x"":1915,""y"":422,""width"":30,""height"":29}","{""difficult"":""y""}"
P2590589.jpg,479067,"{}",13,12,"{""name"":""rect"",""x"":484,""y"":463,""width"":44,""height"":42}","{""difficult"":""y""}"
P2590587.jpg,379992,"{}",11,0,"{""name"":""rect"",""x"":803,""y"":515,""width"":110,""height"":93}","{}"
P2590587.jpg,379992,"{}",11,1,"{""name"":""rect"",""x"":1283,""y"":389,""width"":69,""height"":84}","{}"
P2590587.jpg,379992,"{}",11,2,"{""name"":""rect"",""x"":1356,""y"":946,""width"":229,""height"":195}","{}"
P2590587.jpg,379992,"{}",11,3,"{""name"":""rect"",""x"":323,""y"":388,""width"":40,""height"":36}","{}"
P2590587.jpg,379992,"{}",11,4,"{""name"":""rect"",""x"":431,""y"":426,""width"":54,""height"":48}","{}"
P2590587.jpg,379992,"{}",11,5,"{""name"":""rect"",""x"":1015,""y"":422,""width"":45,""height"":43}","{}"
P2590587.jpg,379992,"{}",11,6,"{""name"":""rect"",""x"":937,""y"":452,""width"":62,""height"":40}","{""difficult"":""y""}"
P2590587.jpg,379992,"{}",11,7,"{""name"":""rect"",""x"":1606,""y"":435,""width"":63,""height"":59}","{}"
P2590587.jpg,379992,"{}",11,8,"{""name"":""rect"",""x"":1655,""y"":391,""width"":49,""height"":47}","{""difficult"":""y""}"
P2590587.jpg,379992,"{}",11,9,"{""name"":""rect"",""x"":1732,""y"":388,""width"":50,""height"":57}","{""difficult"":""y""}"
P2590587.jpg,379992,"{}",11,10,"{""name"":""rect"",""x"":1818,""y"":390,""width"":39,""height"":45}","{""difficult"":""y""}"
P2590586.jpg,397226,"{}",7,0,"{""name"":""rect"",""x"":1157,""y"":574,""width"":105,""height"":107}","{}"
P2590586.jpg,397226,"{}",7,1,"{""name"":""rect"",""x"":451,""y"":594,""width"":88,""height"":79}","{}"
P2590586.jpg,397226,"{}",7,2,"{""name"":""rect"",""x"":1568,""y"":561,""width"":96,""height"":96}","{}"
P2590586.jpg,397226,"{}",7,3,"{""name"":""rect"",""x"":1389,""y"":444,""width"":50,""height"":55}","{}"
P2590586.jpg,397226,"{}",7,4,"{""name"":""rect"",""x"":194,""y"":456,""width"":34,""height"":31}","{}"
P2590586.jpg,397226,"{}",7,5,"{""name"":""rect"",""x"":239,""y"":457,""width"":30,""height"":28}","{}"
P2590586.jpg,397226,"{}",7,6,"{""name"":""rect"",""x"":622,""y"":432,""width"":43,""height"":38}","{""difficult"":""y""}"
P2590585.jpg,454952,"{}",6,0,"{""name"":""rect"",""x"":805,""y"":497,""width"":135,""height"":135}","{}"
P2590585.jpg,454952,"{}",6,1,"{""name"":""rect"",""x"":1258,""y"":790,""width"":203,""height"":164}","{}"
P2590585.jpg,454952,"{}",6,2,"{""name"":""rect"",""x"":1549,""y"":521,""width"":120,""height"":107}","{}"
P2590585.jpg,454952,"{}",6,3,"{""name"":""rect"",""x"":518,""y"":555,""width"":50,""height"":44}","{}"
P2590585.jpg,454952,"{}",6,4,"{""name"":""rect"",""x"":1709,""y"":503,""width"":73,""height"":60}","{""difficult"":""y""}"
P2590585.jpg,454952,"{}",6,5,"{""name"":""rect"",""x"":999,""y"":501,""width"":54,""height"":44}","{}"
P2590584.jpg,428427,"{}",14,0,"{""name"":""rect"",""x"":254,""y"":479,""width"":39,""height"":34}","{}"
P2590584.jpg,428427,"{}",14,1,"{""name"":""rect"",""x"":394,""y"":506,""width"":78,""height"":59}","{}"
P2590584.jpg,428427,"{}",14,2,"{""name"":""rect"",""x"":481,""y"":571,""width"":79,""height"":71}","{}"
P2590584.jpg,428427,"{}",14,3,"{""name"":""rect"",""x"":668,""y"":555,""width"":107,""height"":97}","{}"
P2590584.jpg,428427,"{}",14,4,"{""name"":""rect"",""x"":944,""y"":551,""width"":61,""height"":37}","{}"
P2590584.jpg,428427,"{}",14,5,"{""name"":""rect"",""x"":831,""y"":602,""width"":79,""height"":46}","{}"
P2590584.jpg,428427,"{}",14,6,"{""name"":""rect"",""x"":1138,""y"":537,""width"":79,""height"":81}","{}"
P2590584.jpg,428427,"{}",14,7,"{""name"":""rect"",""x"":1325,""y"":499,""width"":68,""height"":67}","{}"
P2590584.jpg,428427,"{}",14,8,"{""name"":""rect"",""x"":1029,""y"":439,""width"":28,""height"":36}","{""difficult"":""y""}"
P2590584.jpg,428427,"{}",14,9,"{""name"":""rect"",""x"":1067,""y"":425,""width"":28,""height"":29}","{""difficult"":""y""}"
P2590584.jpg,428427,"{}",14,10,"{""name"":""rect"",""x"":1557,""y"":452,""width"":95,""height"":86}","{""difficult"":""""}"
P2590584.jpg,428427,"{}",14,11,"{""name"":""rect"",""x"":1835,""y"":447,""width"":66,""height"":60}","{}"
P2590584.jpg,428427,"{}",14,12,"{""name"":""rect"",""x"":1732,""y"":482,""width"":46,""height"":31}","{""difficult"":""y""}"
P2590584.jpg,428427,"{}",14,13,"{""name"":""rect"",""x"":358,""y"":424,""width"":56,""height"":52}","{""difficult"":""y""}"
P2590583.jpg,631074,"{}",6,0,"{""name"":""rect"",""x"":882,""y"":610,""width"":248,""height"":233}","{}"
P2590583.jpg,631074,"{}",6,1,"{""name"":""rect"",""x"":471,""y"":686,""width"":121,""height"":115}","{}"
P2590583.jpg,631074,"{}",6,2,"{""name"":""rect"",""x"":167,""y"":603,""width"":55,""height"":48}","{}"
P2590583.jpg,631074,"{}",6,3,"{""name"":""rect"",""x"":96,""y"":607,""width"":48,""height"":39}","{""difficult"":""y""}"
P2590583.jpg,631074,"{}",6,4,"{""name"":""rect"",""x"":315,""y"":608,""width"":68,""height"":66}","{""difficult"":""y""}"
P2590583.jpg,631074,"{}",6,5,"{""name"":""rect"",""x"":1252,""y"":598,""width"":95,""height"":95}","{""difficult"":""y""}"
P2590582.jpg,434434,"{}",4,0,"{""name"":""rect"",""x"":734,""y"":409,""width"":137,""height"":129}","{}"
P2590582.jpg,434434,"{}",4,1,"{""name"":""rect"",""x"":511,""y"":325,""width"":96,""height"":82}","{}"
P2590582.jpg,434434,"{}",4,2,"{""name"":""rect"",""x"":1123,""y"":366,""width"":112,""height"":120}","{}"
P2590582.jpg,434434,"{}",4,3,"{""name"":""rect"",""x"":1418,""y"":471,""width"":82,""height"":129}","{}"
P2590581.jpg,472145,"{}",8,0,"{""name"":""rect"",""x"":520,""y"":412,""width"":53,""height"":56}","{}"
P2590581.jpg,472145,"{}",8,1,"{""name"":""rect"",""x"":734,""y"":447,""width"":73,""height"":74}","{}"
P2590581.jpg,472145,"{}",8,2,"{""name"":""rect"",""x"":574,""y"":426,""width"":36,""height"":41}","{""difficult"":""y""}"
P2590581.jpg,472145,"{}",8,3,"{""name"":""rect"",""x"":885,""y"":420,""width"":77,""height"":88}","{""difficult"":""y""}"
P2590581.jpg,472145,"{}",8,4,"{""name"":""rect"",""x"":1074,""y"":662,""width"":164,""height"":129}","{}"
P2590581.jpg,472145,"{}",8,5,"{""name"":""rect"",""x"":1238,""y"":603,""width"":87,""height"":91}","{}"
P2590581.jpg,472145,"{}",8,6,"{""name"":""rect"",""x"":1512,""y"":381,""width"":115,""height"":112}","{}"
P2590581.jpg,472145,"{}",8,7,"{""name"":""rect"",""x"":1693,""y"":452,""width"":96,""height"":95}","{}"
P2590580.jpg,369018,"{}",8,0,"{""name"":""rect"",""x"":410,""y"":432,""width"":57,""height"":57}","{}"
P2590580.jpg,369018,"{}",8,1,"{""name"":""rect"",""x"":479,""y"":469,""width"":60,""height"":52}","{}"
P2590580.jpg,369018,"{}",8,2,"{""name"":""rect"",""x"":995,""y"":525,""width"":105,""height"":115}","{}"
P2590580.jpg,369018,"{}",8,3,"{""name"":""rect"",""x"":698,""y"":575,""width"":102,""height"":48}","{""difficult"":""y""}"
P2590580.jpg,369018,"{}",8,4,"{""name"":""rect"",""x"":1337,""y"":575,""width"":117,""height"":112}","{}"
P2590580.jpg,369018,"{}",8,5,"{""name"":""rect"",""x"":1635,""y"":458,""width"":96,""height"":90}","{}"
P2590580.jpg,369018,"{}",8,6,"{""name"":""rect"",""x"":1948,""y"":527,""width"":86,""height"":96}","{}"
P2590580.jpg,369018,"{}",8,7,"{""name"":""rect"",""x"":1751,""y"":435,""width"":56,""height"":65}","{}"
P2590579.jpg,499316,"{}",11,0,"{""name"":""rect"",""x"":833,""y"":555,""width"":73,""height"":66}","{}"
P2590579.jpg,499316,"{}",11,1,"{""name"":""rect"",""x"":970,""y"":680,""width"":68,""height"":73}","{}"
P2590579.jpg,499316,"{}",11,2,"{""name"":""rect"",""x"":614,""y"":471,""width"":35,""height"":24}","{}"
P2590579.jpg,499316,"{}",11,3,"{""name"":""rect"",""x"":668,""y"":473,""width"":35,""height"":27}","{}"
P2590579.jpg,499316,"{}",11,4,"{""name"":""rect"",""x"":736,""y"":495,""width"":41,""height"":26}","{""difficult"":""y""}"
P2590579.jpg,499316,"{}",11,5,"{""name"":""rect"",""x"":1179,""y"":606,""width"":79,""height"":58}","{""difficult"":""y""}"
P2590579.jpg,499316,"{}",11,6,"{""name"":""rect"",""x"":1330,""y"":699,""width"":121,""height"":86}","{}"
P2590579.jpg,499316,"{}",11,7,"{""name"":""rect"",""x"":1558,""y"":624,""width"":108,""height"":91}","{}"
P2590579.jpg,499316,"{}",11,8,"{""name"":""rect"",""x"":1938,""y"":549,""width"":108,""height"":156}","{""difficult"":""y""}"
P2590579.jpg,499316,"{}",11,9,"{""name"":""rect"",""x"":937,""y"":547,""width"":50,""height"":80}","{""difficult"":""y""}"
P2590579.jpg,499316,"{}",11,10,"{""name"":""rect"",""x"":579,""y"":443,""width"":25,""height"":23}","{}"
P2590578.jpg,436174,"{}",7,0,"{""name"":""rect"",""x"":728,""y"":544,""width"":78,""height"":70}","{}"
P2590578.jpg,436174,"{}",7,1,"{""name"":""rect"",""x"":574,""y"":523,""width"":44,""height"":44}","{}"
P2590578.jpg,436174,"{}",7,2,"{""name"":""rect"",""x"":519,""y"":533,""width"":42,""height"":40}","{}"
P2590578.jpg,436174,"{}",7,3,"{""name"":""rect"",""x"":1484,""y"":685,""width"":131,""height"":126}","{""difficult"":""y""}"
P2590578.jpg,436174,"{}",7,4,"{""name"":""rect"",""x"":1659,""y"":617,""width"":92,""height"":89}","{}"
P2590578.jpg,436174,"{}",7,5,"{""name"":""rect"",""x"":1980,""y"":583,""width"":65,""height"":94}","{}"
P2590578.jpg,436174,"{}",7,6,"{""name"":""rect"",""x"":1775,""y"":551,""width"":65,""height"":85}","{""difficult"":""y""}"
P2590577.jpg,409644,"{}",6,0,"{""name"":""rect"",""x"":708,""y"":651,""width"":177,""height"":208}","{}"
P2590577.jpg,409644,"{}",6,1,"{""name"":""rect"",""x"":1513,""y"":651,""width"":192,""height"":233}","{}"
P2590577.jpg,409644,"{}",6,2,"{""name"":""rect"",""x"":1066,""y"":499,""width"":79,""height"":98}","{}"
P2590577.jpg,409644,"{}",6,3,"{""name"":""rect"",""x"":935,""y"":618,""width"":98,""height"":121}","{""difficult"":""y""}"
P2590577.jpg,409644,"{}",6,4,"{""name"":""rect"",""x"":1170,""y"":441,""width"":59,""height"":58}","{}"
P2590577.jpg,409644,"{}",6,5,"{""name"":""rect"",""x"":1233,""y"":468,""width"":48,""height"":46}","{}"
P2590575.jpg,475654,"{}",10,0,"{""name"":""rect"",""x"":686,""y"":547,""width"":133,""height"":128}","{}"
P2590575.jpg,475654,"{}",10,1,"{""name"":""rect"",""x"":447,""y"":367,""width"":113,""height"":108}","{}"
P2590575.jpg,475654,"{}",10,2,"{""name"":""rect"",""x"":294,""y"":365,""width"":57,""height"":47}","{}"
P2590575.jpg,475654,"{}",10,3,"{""name"":""rect"",""x"":1096,""y"":422,""width"":122,""height"":115}","{""difficult"":""y""}"
P2590575.jpg,475654,"{}",10,4,"{""name"":""rect"",""x"":1322,""y"":385,""width"":58,""height"":64}","{}"
P2590575.jpg,475654,"{}",10,5,"{""name"":""rect"",""x"":1844,""y"":383,""width"":67,""height"":88}","{""difficult"":""y""}"
P2590575.jpg,475654,"{}",10,6,"{""name"":""rect"",""x"":878,""y"":384,""width"":52,""height"":47}","{}"
P2590575.jpg,475654,"{}",10,7,"{""name"":""rect"",""x"":979,""y"":321,""width"":36,""height"":39}","{}"
P2590575.jpg,475654,"{}",10,8,"{""name"":""rect"",""x"":1493,""y"":352,""width"":38,""height"":47}","{""difficult"":""y""}"
P2590575.jpg,475654,"{}",10,9,"{""name"":""rect"",""x"":1576,""y"":334,""width"":36,""height"":37}","{""difficult"":""y""}"
P2590576.jpg,458383,"{}",6,0,"{""name"":""rect"",""x"":768,""y"":796,""width"":216,""height"":192}","{}"
P2590576.jpg,458383,"{}",6,1,"{""name"":""rect"",""x"":1330,""y"":990,""width"":205,""height"":150}","{""difficult"":""y""}"
P2590576.jpg,458383,"{}",6,2,"{""name"":""rect"",""x"":1062,""y"":650,""width"":87,""height"":92}","{}"
P2590576.jpg,458383,"{}",6,3,"{""name"":""rect"",""x"":358,""y"":613,""width"":59,""height"":55}","{}"
P2590576.jpg,458383,"{}",6,4,"{""name"":""rect"",""x"":1555,""y"":713,""width"":96,""height"":89}","{""difficult"":""y""}"
P2590576.jpg,458383,"{}",6,5,"{""name"":""rect"",""x"":1703,""y"":554,""width"":73,""height"":67}","{""difficult"":""y""}"
P2590574.jpg,438019,"{}",11,0,"{""name"":""rect"",""x"":220,""y"":391,""width"":41,""height"":41}","{}"
P2590574.jpg,438019,"{}",11,1,"{""name"":""rect"",""x"":409,""y"":399,""width"":45,""height"":40}","{}"
P2590574.jpg,438019,"{}",11,2,"{""name"":""rect"",""x"":535,""y"":442,""width"":66,""height"":63}","{}"
P2590574.jpg,438019,"{}",11,3,"{""name"":""rect"",""x"":614,""y"":406,""width"":65,""height"":54}","{}"
P2590574.jpg,438019,"{}",11,4,"{""name"":""rect"",""x"":839,""y"":473,""width"":119,""height"":100}","{}"
P2590574.jpg,438019,"{}",11,5,"{""name"":""rect"",""x"":1023,""y"":406,""width"":53,""height"":54}","{}"
P2590574.jpg,438019,"{}",11,6,"{""name"":""rect"",""x"":1135,""y"":492,""width"":83,""height"":81}","{}"
P2590574.jpg,438019,"{}",11,7,"{""name"":""rect"",""x"":1301,""y"":436,""width"":67,""height"":77}","{""difficult"":""y""}"
P2590574.jpg,438019,"{}",11,8,"{""name"":""rect"",""x"":1449,""y"":435,""width"":58,""height"":72}","{""difficult"":""y""}"
P2590574.jpg,438019,"{}",11,9,"{""name"":""rect"",""x"":1628,""y"":409,""width"":68,""height"":65}","{}"
P2590574.jpg,438019,"{}",11,10,"{""name"":""rect"",""x"":1929,""y"":425,""width"":94,""height"":94}","{""difficult"":""y""}"
P2590573.jpg,416812,"{}",10,0,"{""name"":""rect"",""x"":513,""y"":301,""width"":44,""height"":38}","{}"
P2590573.jpg,416812,"{}",10,1,"{""name"":""rect"",""x"":586,""y"":324,""width"":34,""height"":31}","{}"
P2590573.jpg,416812,"{}",10,2,"{""name"":""rect"",""x"":740,""y"":443,""width"":94,""height"":48}","{}"
P2590573.jpg,416812,"{}",10,3,"{""name"":""rect"",""x"":1505,""y"":945,""width"":267,""height"":203}","{""difficult"":""y""}"
P2590573.jpg,416812,"{}",10,4,"{""name"":""rect"",""x"":434,""y"":274,""width"":34,""height"":31}","{""difficult"":""y""}"
P2590573.jpg,416812,"{}",10,5,"{""name"":""rect"",""x"":313,""y"":280,""width"":25,""height"":23}","{""difficult"":""y""}"
P2590573.jpg,416812,"{}",10,6,"{""name"":""rect"",""x"":384,""y"":264,""width"":28,""height"":22}","{""difficult"":""y""}"
P2590573.jpg,416812,"{}",10,7,"{""name"":""rect"",""x"":675,""y"":311,""width"":41,""height"":37}","{""difficult"":""y""}"
P2590573.jpg,416812,"{}",10,8,"{""name"":""rect"",""x"":936,""y"":294,""width"":41,""height"":35}","{}"
P2590573.jpg,416812,"{}",10,9,"{""name"":""rect"",""x"":1184,""y"":286,""width"":41,""height"":37}","{}"